{
    "anon-user": {
        "name": "anon-user",
        "type": "anon-user",
        "disabled": false
    },
    "api-key": {
        "name": "api-key",
        "type": "api-key",
        "disabled": false
    },
    "local-userpass": {
        "name": "local-userpass",
        "type": "local-userpass",
        "config": {
            "autoConfirm": true,
            "resetPasswordSubject": "password reset",
            "resetPasswordUrl": "http://localhost:3000/resetpassword",
            "runConfirmationFunction": false
        },
        "disabled": true
    }
}
